{"cameraMode":{"drawMode":0,"name":"Shaded","section":"Shading Mode"},"sceneLighting":false,"audioPlay":false,"sceneViewState":{"showFog":true,"showMaterialUpdate":true,"showSkybox":false,"showFlares":true,"showImageEffects":true,"showParticleSystems":true},"in2DMode":false,"pivot":{"x":30.401418685913087,"y":-1.6938321590423585,"z":0.6865724921226502},"rotation":{"x":0.03287137672305107,"y":-0.8132166862487793,"z":-0.04615028202533722,"w":-0.5792045593261719},"size":2.36602520942688,"orthographic":false}