{"cameraMode":{"drawMode":0,"name":"Shaded","section":"Shading Mode"},"sceneLighting":true,"audioPlay":false,"sceneViewState":{"showFog":true,"showMaterialUpdate":true,"showSkybox":true,"showFlares":true,"showImageEffects":true,"showParticleSystems":true},"in2DMode":false,"pivot":{"x":-2.7523651123046877,"y":13.440279006958008,"z":150.48513793945313},"rotation":{"x":0.3660385310649872,"y":0.18139895796775819,"z":-0.07298089563846588,"w":0.9098307490348816},"size":47.04750442504883,"orthographic":false}